quarter,turbine,ws_ratio_to_fleet
2014-01-01,R80711,1.0544863373587852
2014-01-01,R80721,0.9667438094787657
2014-01-01,R80736,0.9951160960224611
2014-01-01,R80790,0.990877673377083
2014-04-01,R80711,1.0435354913711699
2014-04-01,R80721,0.9714531641877976
2014-04-01,R80736,0.9867593630236409
2014-04-01,R80790,0.9948582359324631
2014-07-01,R80711,1.0476871370499254
2014-07-01,R80721,0.9722491742807232
2014-07-01,R80736,0.9853633346457591
2014-07-01,R80790,0.9956057781091117
2014-10-01,R80711,1.0469869657082707
2014-10-01,R80721,0.9678106496841213
2014-10-01,R80736,0.9841261195023638
2014-10-01,R80790,1.0052591691393666
2015-01-01,R80711,1.0522082854011556
2015-01-01,R80721,0.9677849033876408
2015-01-01,R80736,0.9798415502021807
2015-01-01,R80790,1.0000800803799441
2015-04-01,R80711,1.043746001567448
2015-04-01,R80721,0.9715703088242379
2015-04-01,R80736,0.9792090765126844
2015-04-01,R80790,0.9998171287970471
2015-07-01,R80711,1.0406139769233034
2015-07-01,R80721,0.9724087442316717
2015-07-01,R80736,0.985419387989925
2015-07-01,R80790,0.9982015402648384
2015-10-01,R80711,1.0655989869009468
2015-10-01,R80721,0.9610769146184447
2015-10-01,R80736,0.9740861593057704
2015-10-01,R80790,1.0061169062219069
