turbine,month,actual_kwh,expected_kwh,capacity_factor,time_availability,energy_availability,performance_index,median_yaw_misalign_deg,fleet_median_pi,pi_gap_pts,pi_gap_persistent,pi_gap_direction,yaw_flag
R80711,2014-01-01,376237.5897993901,369830.8136207198,0.2466808220557239,0.9994986212083229,0.9999530695055191,1.0174849523424383,-0.73000002,1.0171939587885173,0.029099355392103732,False,,False
R80711,2014-02-01,502541.94483026414,499005.50181194575,0.3647952561195297,0.9994863893168978,0.9994737752133711,1.0076319722739144,-0.74000001,1.007914343767509,-0.028237149359466862,False,,False
R80711,2014-03-01,230081.01175090522,230848.90500251265,0.15065052332683268,0.9997073456248171,0.9999721777075158,0.9972630303871047,-0.64999998,1.0005768849476817,-0.33138545605769787,False,,False
R80711,2014-04-01,183188.49823558136,188031.5244771625,0.12411144866909307,0.9978381717109327,0.999649010172452,0.9750008320369875,0.25499999500000003,0.97887295443842,-0.3872122401432532,False,,False
R80711,2014-05-01,324148.97683117044,332227.76520636684,0.21252883348490065,0.9965251923554231,0.9977021202594905,0.9781768437745821,-0.85000002,0.9896616087421222,-1.1484764967540029,False,,False
R80711,2014-06-01,202695.40311788852,220459.1631420761,0.13732750888745834,0.9854423292273237,0.9838786437966149,0.9359845642209584,-0.49000001,0.9444951508742851,-0.8510586653326713,False,,False
R80711,2014-07-01,182273.71177165155,193604.03706050842,0.1195080722342326,0.9967770290067389,0.9994900133536805,0.9441919816814486,-1.065,0.9478290293946489,-0.3637047713200281,False,,False
R80711,2014-08-01,195838.20359972827,204890.29329533395,0.1284016546024969,0.9985498839907193,0.9997500405787696,0.956722667217588,-1.02,0.9558967578489834,0.08259093686046048,False,,False
R80711,2014-09-01,143407.06165747784,153235.86735197183,0.0971592558654999,0.9996977025392987,0.9999540603748984,0.9366841652986929,-0.80000001,0.9472673750201356,-1.0583209721442666,False,,False
R80711,2014-10-01,209418.62200070798,210533.8272328415,0.1374904782855976,0.9931670652545268,0.9836764229171095,1.0123125348653172,-0.5,0.9946060182097181,1.7706516655599192,False,,False
R80711,2014-11-01,208921.34324761142,195371.27552589957,0.1415456255065118,0.979718309859155,0.9900455274701492,1.0800940277166358,-0.14,1.0337158779488933,4.637814976774246,False,,False
R80711,2014-12-01,392503.3813619995,396599.72509996203,0.2573455162352475,0.96956281128943,0.9873016029196203,1.002516137689161,-0.6900000000000001,0.996268373494849,0.6247764194311944,False,,False
R80711,2015-01-01,471023.66160506645,466427.47175132664,0.3088274728593407,0.9956462585034014,0.998658820139576,1.0111141552481715,-0.31,0.9986973262925891,1.2416828955582382,False,,False
R80711,2015-02-01,341240.47153605666,320866.03732382116,0.24770649792106322,0.9935838680109991,0.9984113914757591,1.0650123120945438,-0.255,1.0569574929516652,0.8054819142878644,False,,False
R80711,2015-03-01,374639.2553466482,368266.9307981752,0.24530316277403716,0.9994535519125683,0.9999161300700011,1.0174061362357028,-0.244999995,1.0127838952741772,0.46222409615255255,False,,False
R80711,2015-04-01,266986.8831718987,266842.2103936042,0.18088542220318343,0.9732739420935412,0.9671404302857641,1.0345091996443156,0.305000005,1.0143479222213772,2.0161277422938495,True,above_fleet,False
R80711,2015-05-01,271687.8882471208,270159.19313409744,0.178132630636717,0.9924036896364623,0.9900633652721902,1.0157737768286366,0.375,0.9941047547296881,2.16690220989485,True,above_fleet,False
R80711,2015-06-01,210969.14824235532,210590.80763910976,0.14293302726446838,0.9975669099756691,0.9996131493970897,1.002329780098764,0.2,0.9810200360975223,2.130974400124175,True,above_fleet,False
R80711,2015-07-01,225237.72985159594,277299.6516293265,0.14767750449226064,0.8863404689092762,0.8477491240728702,0.9591357666282825,0.37,0.9354970419517045,2.3638724676578016,True,above_fleet,False
R80711,2015-08-01,207165.4750034352,211422.35137732408,0.13582839955640913,0.9895374449339207,0.9974012804395885,0.9825966071561651,0.420000005,0.9516946429467052,3.09019642094599,True,above_fleet,False
R80711,2015-09-01,369845.15013013984,359418.89992032765,0.2505725949391191,0.9984317825405122,0.9989513185787067,1.0309350440678529,0.594999995,1.0168835149016804,1.4051529166172472,False,,False
R80711,2015-10-01,177153.04022248427,168441.26134125775,0.11630702177886897,0.9945402298850575,0.9982417665204651,1.0531770566952796,0.63,1.0194757207321241,3.37013359631555,False,,False
R80711,2015-11-01,465188.78684104345,458406.52818382974,0.3151685547703546,0.9931686810299527,0.9966165903585209,1.0182069598501595,-0.74000001,1.005106540597419,1.3100419252740414,False,,False
R80711,2015-12-01,420788.97972813225,393668.0664303885,0.2758910173932155,0.9977832512315271,0.9997108293726569,1.0691495125128703,-0.31999999,1.048381698505989,2.0767814006881213,False,,False
R80721,2014-01-01,287035.28533477214,282547.43149359967,0.18819517790110946,0.9989356040447046,0.9997727038953629,1.0169029652345962,-1.16,1.0171939587885173,-0.029099355392103732,False,,False
R80721,2014-02-01,414164.67634041357,410836.1130364433,0.3006421866582561,1.0,1.0,1.0081967152611038,-1.17,1.007914343767509,0.028237149359466862,False,,False
R80721,2014-03-01,181649.48810857165,183546.14309210164,0.11893893475761771,0.9987519500780031,0.9998108319075764,0.9916208459296295,-0.82999998,1.0005768849476817,-0.8956039018052198,False,,False
R80721,2014-04-01,143016.9149094548,148773.37195861098,0.09689492880044363,0.9967384213959556,0.9989439257599984,0.9639699478120527,-1.03,0.97887295443842,-1.4903006626367343,False,,False
R80721,2014-05-01,263633.4265227118,268995.98736812506,0.17285170897109353,0.9819819819819819,0.9842380181557719,0.9963140823955627,-1.0,0.9896616087421222,0.6652473653440572,False,,False
R80721,2014-06-01,157079.01508018546,173385.75257540683,0.10642209693779503,0.9588879029872819,0.9524998471672049,0.9530057375276118,-0.050000000999999995,0.9444951508742851,0.8510586653326602,False,,False
R80721,2014-07-01,144688.88016793193,152596.04200055054,0.09486551282974819,0.9978521018717398,0.999554620632585,0.9514660771078491,-0.62,0.9478290293946489,0.3637047713200281,False,,False
R80721,2014-08-01,151770.97486044545,159151.63088484257,0.09950890038057006,0.9987991594115881,0.9997689859440342,0.9550708484803788,-0.64999998,0.9558967578489834,-0.08259093686046048,False,,False
R80721,2014-09-01,108236.18826012187,113211.09001691878,0.0733307508537411,0.9980462390100945,0.9993569278540602,0.9578505847415782,-0.63999999,0.9472673750201356,1.0583209721442666,False,,False
R80721,2014-10-01,162582.74996647524,164009.19328497702,0.10674112856020435,0.9992748368382887,0.9996572105713522,0.9937750391066373,-0.66,0.9946060182097181,-0.08309791030807201,False,,False
R80721,2014-11-01,150111.70173617319,147369.24885619796,0.10170169494320677,0.9807634505560565,0.9881821750956524,1.0320760869121308,-0.44999999,1.0337158779488933,-0.16397910367624835,False,,False
R80721,2014-12-01,320001.7486128745,335534.3850839493,0.20980969617943515,0.9602446483180428,0.9720560093760887,0.982089960442597,-1.17,0.996268373494849,-1.4178413052251981,False,,False
R80721,2015-01-01,374437.3715090954,381980.26340330514,0.2455005058412637,0.9925201380897584,0.987490769353804,0.9936083840177112,-0.61000001,0.9986973262925891,-0.5088942274877883,False,,False
R80721,2015-02-01,279723.6919150829,263540.31330858864,0.20305146044939237,0.9979750253121836,0.9997529914311015,1.0626609829636453,-0.6900000000000001,1.0569574929516652,0.5703490011980117,False,,False
R80721,2015-03-01,241609.52001936702,238353.94205152136,0.1581990636892238,0.9965963240299524,0.9990978945444486,1.0162563508170561,0.83999997,1.0127838952741772,0.3472455542878894,False,,False
R80721,2015-04-01,214728.42836876676,217411.04904818992,0.14547996501948968,0.9784004670169294,0.9709923011500552,1.018394710703696,0.55000001,1.0143479222213772,0.4046788482318764,False,,False
R80721,2015-05-01,210023.9967572134,218785.71195392325,0.1377025942546639,0.975886524822695,0.9689111243242917,0.9914652771996643,0.25999999,0.9941047547296881,-0.2639477530023804,False,,False
R80721,2015-06-01,164328.6083530486,167778.0851107233,0.11133374549664539,0.9974268253457703,0.99951789035058,0.9809145280562297,0.37,0.9810200360975223,-0.010550804129261238,False,,False
R80721,2015-07-01,214617.36343915339,229915.8759632016,0.1407142430101976,0.9941906522313176,0.9988578694631252,0.9357222315962962,0.23999999,0.9354970419517045,0.022518964459172786,False,,False
R80721,2015-08-01,162107.12993184975,170334.29196718862,0.10628581820866098,0.9958956317795368,0.9993609943219911,0.9532903132320975,0.805000005,0.9516946429467052,0.15956702853922033,False,,False
R80721,2015-09-01,310403.6115301499,303520.15259526565,0.21030054981717472,0.999196356817573,0.9997580673101604,1.0238342943010323,-0.23999999,1.0168835149016804,0.6950779399351958,False,,False
R80721,2015-10-01,128245.27324087481,125406.47492900351,0.0841974022524865,0.9987265202164916,0.9996917634863449,1.025006969317841,0.64999998,1.0194757207321241,0.5531248585716853,False,,False
R80721,2015-11-01,366990.4881826265,366883.52238213504,0.24863854212915076,0.9955788891959104,0.9989310321925609,1.0018983312156482,-0.435000005,1.005106540597419,-0.320820938177091,False,,False
R80721,2015-12-01,283784.6166558305,271771.28445509943,0.18606387139773833,0.9971960234514402,0.9994468078430151,1.0451711101290282,0.11,1.048381698505989,-0.32105883769608656,False,,False
R80736,2014-01-01,329210.171410665,321269.6159739599,0.2158472144051042,0.999465811965812,0.9999465727319863,1.0243769864688423,-1.03,1.0171939587885173,0.7183027680325083,False,,False
R80736,2014-02-01,469852.60822431376,467747.45129190985,0.34106606288059943,0.9950417536534447,0.9927728897357827,1.0116613250498372,-0.56999999,1.007914343767509,0.3746981282328088,False,,False
R80736,2014-03-01,193972.98995744507,193143.3090092795,0.1270080143771125,0.9993718592964824,0.9998992547370459,1.0038907395082588,-0.23999999,1.0005768849476817,0.33138545605770897,False,,False
R80736,2014-04-01,157236.98493024675,159855.81491619514,0.10652912258146799,0.9993405868776789,0.9999236503918678,0.9827450768398527,-0.0099999998,0.97887295443842,0.3872122401432643,False,,False
R80736,2014-05-01,280650.6650007057,292198.5728955941,0.18400909061153006,0.9692307692307692,0.9730480637399528,0.9870549886236892,-0.33000001,0.9896616087421222,-0.2606620118432934,False,,False
R80736,2014-06-01,173085.57822275863,188981.5033674057,0.1172666519124381,0.9857929834734706,0.9842473217778888,0.9317902446190969,-0.555000005,0.9444951508742851,-1.2704906255188275,False,,False
R80736,2014-07-01,152230.8601170599,162636.4215400619,0.09981042493906367,0.9966340269277846,0.9994278042278042,0.9379556518974872,-0.81,0.9478290293946489,-0.9873377497161662,False,,False
R80736,2014-08-01,151875.19010430377,169295.11397086072,0.09957722928422749,0.9674237895995218,0.9477137376164461,0.9461375421547862,-0.23999999,0.9558967578489834,-0.9759215694197243,False,,False
R80736,2014-09-01,114344.0433896646,123053.18483163694,0.07746886408513862,0.9993478969677209,0.9997770943941613,0.9287185568447323,-0.944999995,0.9472673750201356,-1.8548818175403325,False,,False
R80736,2014-10-01,176784.7766436497,179178.12838030863,0.11606524416088351,0.9948680351906158,0.9990295973979255,0.9874172806412109,-0.6150000099999999,0.9946060182097181,-0.7188737568507131,False,,False
R80736,2014-11-01,158611.2665899355,153017.83448143897,0.10746020771675847,0.9984728161270617,0.9996315631558081,1.0353556689856558,-0.70999998,1.0337158779488933,0.16397910367624835,False,,False
R80736,2014-12-01,382250.9367017634,377093.6031954428,0.2506234832820374,0.9893121403124143,0.9923658363145244,1.021128509799717,-0.7250000249999999,0.996268373494849,2.486013630486794,False,,False
R80736,2015-01-01,419531.7500634384,421752.9048723108,0.2750667126038804,0.995137299771167,0.9927173539123388,1.0020754736430417,-0.34,0.9986973262925891,0.33781473504526094,False,,False
R80736,2015-02-01,288866.33348312567,276758.48453236814,0.20968810502549773,0.9869876382563435,0.9929132780079761,1.051254002939685,0.33000001,1.0569574929516652,-0.5703490011980117,False,,False
R80736,2015-03-01,322975.6346377962,320049.65020451875,0.21147528868082907,0.9994191112401976,0.9999443270106476,1.0093114397312983,0.33000001,1.0127838952741772,-0.3472455542878894,False,,False
R80736,2015-04-01,225665.31654394217,224995.89955572796,0.15288978085632937,0.990700377797152,0.992913207818811,1.0103011337390584,-0.039999999,1.0143479222213772,-0.4046788482318764,False,,False
R80736,2015-05-01,215276.4380705468,232183.68418309232,0.14114636642443404,0.9661112680033889,0.9303685439452583,0.9967442322597119,-0.31,0.9941047547296881,0.2639477530023804,False,,False
R80736,2015-06-01,167727.45691294622,173347.68562819215,0.1136364884234053,0.9968,0.9993968281715838,0.9686088764423959,0.11,0.9810200360975223,-1.2411159655126403,False,,False
R80736,2015-07-01,230376.9250218809,247425.11083783794,0.15104702663380598,0.99418911780243,0.9991427626256613,0.933030807921607,0.38999999,0.9354970419517045,-0.24662340300974916,False,,False
R80736,2015-08-01,169944.69499958164,182688.89556923977,0.11142453120874746,0.9854814814814815,0.9864356904611045,0.9433084175047018,0.229999995,0.9516946429467052,-0.8386225442003403,False,,False
R80736,2015-09-01,323155.6067425288,320216.9969717564,0.21894011296919297,0.9989279013669258,0.9999115868152725,1.0099327355023282,0.20999999,1.0168835149016804,-0.695077939935218,False,,False
R80736,2015-10-01,128849.96675110223,127202.40081688664,0.0845944041959769,0.9980132450331126,0.9993539985913215,1.0123490959265342,0.47,1.0194757207321241,-0.7126624805589898,False,,False
R80736,2015-11-01,403945.92670061154,407065.1433660356,0.2736761021006853,0.9872576177285318,0.9840839228606529,1.00831474997919,-0.455,1.005106540597419,0.320820938177091,False,,False
R80736,2015-12-01,311581.121754464,296409.17328420124,0.20428869771470234,0.9971859810693272,0.9993513263215867,1.05159228688295,0.095000002,1.048381698505989,0.32105883769608656,False,,False
R80790,2014-01-01,313000.8300291979,320875.9123109198,0.20521953188381714,0.9661798616448886,0.9742550921114635,1.0015016426279504,-0.63,1.0171939587885173,-1.5692316160566877,False,,False
R80790,2014-02-01,443941.98353858717,444346.47244016896,0.3222575374118664,1.0,1.0,0.9990826665051554,-0.91000003,1.007914343767509,-0.8831677262353677,False,,False
R80790,2014-03-01,216693.43503933508,212328.51630946796,0.14188471765548213,0.999400479616307,0.9999002345080519,1.0213371792519625,-0.794999985,1.0005768849476817,2.0760294304280835,False,,False
R80790,2014-04-01,165973.69164516652,170413.6054621458,0.11244830057260605,0.9822109275730623,0.9872821167352165,0.9877455114525511,0.23,0.97887295443842,0.8872557014131033,False,,False
R80790,2014-05-01,309446.95659536874,312659.5125591323,0.2028894286620566,0.9919069296914517,0.9977317798117956,0.992268228860555,-0.63999999,0.9896616087421222,0.2606620118432823,False,,False
R80790,2014-06-01,173543.22508512845,205117.4582521659,0.11757671076228214,0.8809455174401845,0.8882198898205699,0.9556813144484816,0.875,0.9444951508742851,1.118616357419644,False,,False
R80790,2014-07-01,167643.79015598362,176346.8069461113,0.10991593899553082,0.9970220369267421,0.9994716036974549,0.9530050293196413,-0.754999995,0.9478290293946489,0.5175999924992403,False,,False
R80790,2014-08-01,182278.89656666407,187524.29019606483,0.11951147165398902,0.9994119376653925,0.9999160082199866,0.9731291676179702,-0.19,0.9558967578489834,1.7232409768986767,False,,False
R80790,2014-09-01,130309.67160106047,136669.48481264853,0.08828568536657214,0.9834508121360711,0.9872410687171392,0.9675343419004789,-0.73000002,0.9472673750201356,2.026696688034335,False,,False
R80790,2014-10-01,183255.13525366518,187926.6476192507,0.12031325559115333,0.9901960784313726,0.982139865600868,0.9954369973127987,-0.52999997,0.9946060182097181,0.08309791030806091,False,,False
R80790,2014-11-01,161957.7065626916,166400.15278886116,0.10972744347065827,0.9868945868945869,0.9760097778368402,0.9980569505913326,-0.70999998,1.0337158779488933,-3.565892735756071,False,,False
R80790,2014-12-01,407117.6101034153,412118.9119023621,0.26692736041398857,0.9937449007342942,0.9981692039677638,0.9900206093005371,-1.15,0.996268373494849,-0.6247764194311833,False,,False
R80790,2015-01-01,432076.47346231714,438496.73530075845,0.28329168204977523,0.987460815047022,0.9905877536681496,0.9953191789421365,-0.93000001,0.9986973262925891,-0.33781473504526094,False,,False
R80790,2015-02-01,268853.1696809486,292056.2940626378,0.19516054709708813,0.8966074313408724,0.8886501957339512,1.0372100105688995,-0.135,1.0569574929516652,-1.974748238276569,False,,False
R80790,2015-03-01,350143.27324077295,349729.97812446003,0.2292638881916994,0.9988820570150923,0.9984431596878347,1.0032420925460712,0.25999999,1.0127838952741772,-0.9541802728106008,False,,False
R80790,2015-04-01,252369.22836392213,254890.44675612453,0.1709818620351776,0.9817507841459937,0.9844961315010112,1.0065620110278894,-0.534999995,1.0143479222213772,-0.7785911193487705,False,,False
R80790,2015-05-01,250711.92189938072,256686.45659702216,0.1643797022681489,0.9917898193760263,0.9910513601827682,0.9859377498730731,0.11,0.9941047547296881,-0.8167004856614923,False,,False
R80790,2015-06-01,187535.46483974843,197613.61606113295,0.1270565479944095,0.9504289799809342,0.9686035622306188,0.9811255441388149,0.83999997,0.9810200360975223,0.010550804129261238,False,,False
R80790,2015-07-01,244314.91992210783,262625.1750307124,0.16018549693293196,0.9938032532920217,0.9960742006820311,0.9352718523071127,1.1,0.9354970419517045,-0.022518964459172786,False,,False
R80790,2015-08-01,180639.77164025287,195556.61962286962,0.11843677658028644,0.9763513513513513,0.9735263857536336,0.9500989726613129,1.37,0.9516946429467052,-0.15956702853923144,False,,False
R80790,2015-09-01,337757.168334108,343167.79350377497,0.22883276987405693,0.9799101242400211,0.9889812265942916,0.996153062562082,0.61000001,1.0168835149016804,-2.073045233959836,False,,False
R80790,2015-10-01,156490.87150367195,154550.59603916886,0.10274160227401893,0.997338065661047,0.9995483265352934,1.013944472146407,0.13,1.0194757207321241,-0.5531248585717075,False,,False
R80790,2015-11-01,429872.88483529474,435622.94518149627,0.29124179189383115,0.9874566319722444,0.995619572084465,0.9914217745183077,-0.73000002,1.005106540597419,-1.36847660791114,False,,False
R80790,2015-12-01,347505.4184617033,340836.6025846233,0.2278425245618301,0.9990037359900373,0.9999018697565717,1.0198189868838308,0.14,1.048381698505989,-2.8562711622158288,False,,False
