turbine,month,actual_mwh,potential_mwh,downtime_mwh,underperf_mwh,icing_mwh,curtailment_mwh
R80711,2014-01-01,376.2375897993901,369.8308136207198,0.017356342957513614,0.5698943388521659,0.06291208245296241,0.0
R80711,2014-02-01,502.54194483026413,499.00550181194575,0.26258906371762114,0.6534808675084378,0.031450249722106846,0.0
R80711,2014-03-01,230.08101175090522,230.84890500251265,0.006422745754648005,1.4627119685148733,0.0,0.0
R80711,2014-04-01,183.18849823558136,188.03152447716246,0.06599715234983596,1.1418046432524513,0.0,0.0
R80711,2014-05-01,324.14897683117044,332.2277652063668,0.7634194509024855,2.2718180965571833,0.0,0.05116429274629523
R80711,2014-06-01,202.69540311788853,220.4591631420761,3.554100697313599,3.8287801631068614,0.0,0.272145347157394
R80711,2014-07-01,182.27371177165156,193.60403706050843,0.09873547357440735,3.937853193816263,0.0,0.3157183098692903
R80711,2014-08-01,195.83820359972825,204.89029329533395,0.05121425912783069,2.225753451836113,0.0,0.0
R80711,2014-09-01,143.40706165747784,153.23586735197185,0.007039598298268471,3.2582162792351896,0.0,0.0
R80711,2014-10-01,209.41862200070798,210.53382723284147,3.4366651573912246,0.7738728317250765,0.0,0.1296465201240936
R80711,2014-11-01,208.92134324761142,195.37127552589956,1.9448179953444782,0.4410010862543507,0.08934881458775866,0.0
R80711,2014-12-01,392.50338136199946,396.59972509996203,5.03618079128873,1.262646966061211,2.4971253005197576,0.0
R80711,2015-01-01,471.0236616050665,466.4274717513266,0.6255631314613702,1.8976434094581927,0.8714236561396438,0.0
R80711,2015-02-01,341.2404715360567,320.86603732382116,0.5097305220320258,1.0131375200706596,0.2949899986495894,0.0
R80711,2015-03-01,374.6392553466482,368.2669307981752,0.030886521706958093,1.1196908994739305,0.03054886679809763,0.0
R80711,2015-04-01,266.98688317189874,266.8422103936042,8.76832021512944,1.736048829300228,0.0,0.0
R80711,2015-05-01,271.6878882471208,270.15919313409745,2.6844732205333526,1.6179303298350978,0.0,0.0
R80711,2015-06-01,210.96914824235532,210.59080763910976,0.08146718090257057,2.1406121053810696,0.0,0.0
R80711,2015-07-01,225.23772985159593,277.2996516293265,42.21911485485292,3.2610756582357094,0.0,0.20965836854196288
R80711,2015-08-01,207.1654750034352,211.42235137732408,0.5494274000324489,2.591927022819172,0.0,0.0
R80711,2015-09-01,369.8451501301398,359.41889992032765,0.37691592280812986,1.366275789088526,0.0,0.2848815518306248
R80711,2015-10-01,177.15304022248426,168.44126134125773,0.2961590650252723,1.4751133722006038,0.0,0.0
R80711,2015-11-01,465.18878684104345,458.4065281838297,1.5509770671741259,1.1692136235665926,0.0,0.044845813545217085
R80711,2015-12-01,420.78897972813223,393.6680664303885,0.11383724173462051,1.4312332447643779,0.0,0.0
R80721,2014-01-01,287.03528533477214,282.5474314935997,0.06422193055372981,0.20698088542272006,0.0,0.0
R80721,2014-02-01,414.16467634041356,410.83611303644335,0.0,0.2709477657448097,0.031861496333814104,0.0
R80721,2014-03-01,181.64948810857166,183.54614309210163,0.0347210737604538,0.7773063066480461,0.0,0.0
R80721,2014-04-01,143.0169149094548,148.773371958611,0.15711572572366492,1.628998012210388,0.0,0.0
R80721,2014-05-01,263.63342652271183,268.9959873681251,4.239909869066585,0.6109166130890806,0.0,0.048140444302736334
R80721,2014-06-01,157.07901508018548,173.38575257540685,8.235849746361026,2.0995310050411824,0.0,0.16990856467580998
R80721,2014-07-01,144.68888016793193,152.59604200055054,0.06796312865622912,1.6663855255246536,0.0,0.2734095783469214
R80721,2014-08-01,151.77097486044545,159.15163088484258,0.03676626376428276,1.1129651439726385,0.0,0.0
R80721,2014-09-01,108.23618826012188,113.21109001691877,0.07280289860136215,1.1062755193306013,0.0,0.0
R80721,2014-10-01,162.58274996647523,164.00919328497704,0.056220617659158346,1.2739013013575107,0.0,0.04186656816443743
R80721,2014-11-01,150.1117017361732,147.36924885619794,1.7415839792677725,1.2300433482048803,0.0,0.0
R80721,2014-12-01,320.0017486128745,335.5343850839493,9.376169710785732,2.357981219307941,2.177379360465757,0.0
R80721,2015-01-01,374.43737150909544,381.9802634033052,4.778279217206648,2.973681934335404,0.7282006509026369,0.0
R80721,2015-02-01,279.72369191508295,263.5403133085886,0.06509671563740403,0.8344661465857826,0.05220681715264235,0.0
R80721,2015-03-01,241.60952001936704,238.35394205152136,0.21502039147683744,0.6501384965803989,0.0,0.0
R80721,2015-04-01,214.72842836876674,217.41104904818994,6.306594237440479,1.7518204617965591,0.0,0.0
R80721,2015-05-01,210.0239967572134,218.78571195392325,6.801801798556844,1.3227609700520002,0.0,0.0
R80721,2015-06-01,164.3286083530486,167.7780851107233,0.08088743379307907,1.7157910656737867,0.0,0.0
R80721,2015-07-01,214.61736343915337,229.9158759632016,0.2625939428499135,4.05762069043646,0.0,0.20226085782848024
R80721,2015-08-01,162.10712993184973,170.33429196718862,0.10884457972666679,2.342382364567091,0.0,0.0
R80721,2015-09-01,310.4036115301499,303.52015259526564,0.07343144693790646,0.8931059574328039,0.0,0.14445313204039867
R80721,2015-10-01,128.2452732408748,125.40647492900351,0.038654854621882354,1.325253750748413,0.0,0.0
R80721,2015-11-01,366.9904881826265,366.883522382135,0.39218667450639155,1.1997948166310737,0.0,0.04397176077806362
R80721,2015-12-01,283.7846166558305,271.7712844550995,0.15034174305427775,0.8071643891071407,0.0,0.0
R80736,2014-01-01,329.21017141066494,321.2696159739599,0.017164557877307536,0.07863092885864208,0.0,0.0
R80736,2014-02-01,469.85260822431377,467.74745129190984,3.380462406293237,0.22777161917563532,0.0428877413286029,0.0
R80736,2014-03-01,193.97298995744507,193.1433090092795,0.019458273453958782,0.6932129243395525,0.0,0.0
R80736,2014-04-01,157.23698493024676,159.85581491619513,0.012204928826495138,0.7111862343823561,0.0,0.0
R80736,2014-05-01,280.65066500070566,292.1985728955941,7.8753173119587965,1.0447241671163554,0.0,0.05167967461754345
R80736,2014-06-01,173.0855782227586,188.9815033674057,2.976964812477577,3.7920838843923668,0.0,0.2960852002491218
R80736,2014-07-01,152.2308601170599,162.63642154006192,0.0930598728102705,2.2251625254656564,0.0,0.2900440714257918
R80736,2014-08-01,151.87519010430375,169.2951139708607,8.851808749334094,1.537735132362083,0.0,0.0
R80736,2014-09-01,114.34404338966459,123.05318483163694,0.0274292447152778,2.229572058831814,0.0,0.0
R80736,2014-10-01,176.7847766436497,179.17812838030864,0.17387492201508364,1.2900162197405753,0.0,0.036919915436419336
R80736,2014-11-01,158.6112665899355,153.01783448143897,0.05637740804142113,0.39460171421072876,0.0,0.0
R80736,2014-12-01,382.2509367017634,377.0936031954428,2.8787942915397986,0.5550863712838262,0.3634047723075655,0.0
R80736,2015-01-01,419.5317500634384,421.7529048723108,3.0714771426280647,1.0859029398229207,0.3453737991886351,0.0
R80736,2015-02-01,288.8663334831257,276.75848453236813,1.9613104388147446,0.7646663620631043,0.03817567499143178,0.0
R80736,2015-03-01,322.9756346377962,320.0496502045188,0.01781812076806202,0.7643839796053848,0.0,0.0
R80736,2015-04-01,225.66531654394217,224.99589955572796,1.5944991817711158,0.9180662882095673,0.0,0.0
R80736,2015-05-01,215.2764380705468,232.1836841830923,16.16728800182304,0.6795393625034762,0.0,0.0
R80736,2015-06-01,167.72745691294622,173.34768562819215,0.10455844049207866,1.8265291626622868,0.0,0.0
R80736,2015-07-01,230.37692502188088,247.42511083783796,0.2121020523601054,4.9094229038583395,0.0,0.23818494773029084
R80736,2015-08-01,169.94469499958163,182.68889556923978,2.4780487288201325,2.954272190600366,0.0,0.0
R80736,2015-09-01,323.1556067425288,320.21699697175643,0.028311404506161684,0.795889082389052,0.0,0.19086153182093069
R80736,2015-10-01,128.84996675110222,127.20240081688665,0.0821729301150073,0.7151323564454757,0.0,0.0
R80736,2015-11-01,403.9459267006115,407.0651433660356,6.47888022255318,0.9216188968299217,0.07531783399159572,0.0
R80736,2015-12-01,311.581121754464,296.40917328420124,0.1922728287497088,0.5350738680029603,0.0,0.0
R80790,2014-01-01,313.0008300291979,320.8759123109198,8.260920806094733,0.6395797395517059,0.021169055464593172,0.0
R80790,2014-02-01,443.9419835385872,444.34647244016895,0.0,0.6603128691198624,0.0533384802049675,0.0
R80790,2014-03-01,216.6934350393351,212.32851630946797,0.021183058884227526,0.8495000292061836,0.0,0.0
R80790,2014-04-01,165.97369164516653,170.4136054621458,2.167300340998443,1.06733393445015,0.0,0.0
R80790,2014-05-01,309.4469565953687,312.6595125591323,0.7091806184207488,1.854590745010461,0.0,0.042437431622597985
R80790,2014-06-01,173.54322508512846,205.1174582521659,22.928052083151755,2.966828082481415,0.0,0.2971555479244942
R80790,2014-07-01,167.6437901559836,176.3468069461113,0.09318100075596382,2.710784914191666,0.0,0.0976046144008381
R80790,2014-08-01,182.27889656666406,187.5242901960648,0.015750498929323994,1.4321722406832966,0.0,0.0
R80790,2014-09-01,130.30967160106047,136.66948481264853,1.7437565651885583,2.05756159332049,0.0,0.0
R80790,2014-10-01,183.2551352536652,187.9266476192507,3.3563951836581496,0.8911937622618478,0.0,0.16162213934705175
R80790,2014-11-01,161.9577065626916,166.40015278886116,3.991976633388527,2.6101829840300526,0.008494463587104489,0.0
R80790,2014-12-01,407.1176101034153,412.1189119023621,0.7545056687203583,2.6303402589739933,1.678888741812917,0.0
R80790,2015-01-01,432.07647346231715,438.4967353007585,4.127239288362981,1.9643141831316597,0.8616298694966527,0.0
R80790,2015-02-01,268.8531696809486,292.0562940626378,32.52041117854232,2.7727768952485112,0.0,0.0
R80790,2015-03-01,350.14327324077294,349.72997812446005,0.5444737283168299,2.6600674531913997,0.0,0.0
R80790,2015-04-01,252.36922836392213,254.89044675612453,3.951787968155443,3.093836132906521,0.0,0.0
R80790,2015-05-01,250.7119218993807,256.6864565970222,2.2969946460482724,3.457415682432648,0.0,0.0
R80790,2015-06-01,187.5354648397484,197.61361606113294,6.204363599045743,2.9610003751522167,0.0,0.0
R80790,2015-07-01,244.31491992210783,262.6251750307124,1.0310137330170377,6.942338214764171,0.0,0.22520642175912262
R80790,2015-08-01,180.63977164025286,195.55661962286962,5.177090511219261,4.019783820344633,0.0,0.0
R80790,2015-09-01,337.75716833410803,343.16779350377493,3.7812881567550414,3.53354959456367,0.0,0.2184196134862372
R80790,2015-10-01,156.49087150367194,154.55059603916888,0.06980640318549679,1.9486968886068146,0.0,0.0
R80790,2015-11-01,429.87288483529477,435.6229451814963,1.9082149097205765,2.6602875511828117,0.0,0.05525930541710173
R80790,2015-12-01,347.50541846170324,340.83660258462334,0.03344637878090305,3.115651329405861,0.0,0.0
