turbine,driver,lost_mwh,records
R80790,downtime,105.68833295934056,1660
R80711,downtime,73.05141107141387,1012
R80790,underperformance,59.50009927421195,5163
R80736,downtime,58.75165627274473,731
R80721,downtime,43.357057980008314,732
R80711,underperformance,42.6477356909143,4387
R80721,underperformance,34.21621368980139,3638
R80736,underperformance,31.650281173152482,3772
R80711,icing_suspected,3.8777989688699157,176
R80721,icing_suspected,2.9896483248548504,149
R80790,icing_suspected,2.6235206105662345,134
R80711,curtailment,1.308060203814878,12
R80736,curtailment,1.1037753412800977,9
R80790,curtailment,1.0977050739574437,12
R80721,curtailment,0.9240109061368479,10
R80736,icing_suspected,0.865159821807831,63
