month,scada_kwh,meter_kwh,meter_to_scada,est_downtime_kwh,operator_unavail_kwh,operator_curtail_kwh
2014-01-01,1305483.8765740276,1279666.795999999,0.9802241291238463,8359.663637483285,8720.549894212114,0.0
2014-02-01,1830501.2129335806,1793873.1940000046,0.9799901695367491,3643.051470010858,5279.583255666192,0.0
2014-03-01,822396.9248562544,805548.8920000012,0.9795135021216208,81.78515185328813,151.23495025366782,0.0
2014-04-01,649416.0897204411,636472.2719999994,0.9800685293676451,2402.618147898439,2772.997982544614,0.0
2014-05-01,1177880.0249499558,1154255.2970000037,0.9799430099419881,13587.827250348615,15175.575136876618,225.15461669120285
2014-06-01,706403.2215059606,692399.6089999982,0.9801761768921319,37694.96733930393,29416.593646384295,13249.98473722038
2014-07-01,646837.2422126291,633958.8750000003,0.9800902508820057,352.9394757968709,930.1090690538115,1012.3013934272057
2014-08-01,681763.2651311414,667969.9329999997,0.9797681499772675,8955.539771155532,9991.830054352467,0.0
2014-09-01,496296.9649083237,486307.26099999924,0.9798715192421743,1851.0283068034669,1973.7095502838367,0.0
2014-10-01,732041.2838644913,717287.8569999995,0.9798461819166707,7023.155880723615,7549.679068425162,444.9496550634769
2014-11-01,679602.0181364057,666054.0800000005,0.9800648941956409,7734.756016042201,8090.568610737702,0.0
2014-12-01,1501873.6767800627,1471729.944000002,0.9799292488801806,18045.650462334615,21004.725641877525,0.0
2015-01-01,1697069.2566399213,1663072.1140000015,0.9799671448251724,12602.558779659063,15569.4558821726,0.0
2015-02-01,1178683.666615215,1154944.207999997,0.979859347094043,35056.5488550265,40762.77955516367,0.0
2015-03-01,1289367.6832445818,1259426.038999998,0.9767780404040853,808.1987622686875,1827.4619551348428,0.0
2015-04-01,959749.8564485264,940767.4489999991,0.9802215053005894,20621.201602496483,23023.03191985142,137.64045607048132
2015-05-01,947700.2449742584,928848.3650000012,0.9801077607880441,27950.557666961537,31513.762971665816,0.0
2015-06-01,730560.6783480989,715710.4699999987,0.9796728611486747,6471.276654233469,9827.851639116012,0.0
2015-07-01,914546.9382347415,896273.0720000004,0.9800186677460062,43724.82458307998,46879.01909746198,911.9109200487738
2015-08-01,719857.0715751215,705414.0840000027,0.9799363121577509,8313.411219798503,9176.966586593917,0.0
2015-09-01,1341161.5367369282,1314364.4330000004,0.9800194808731798,4259.94693100724,5013.272493782846,846.2692171134397
2015-10-01,590739.1517181285,580034.8470000023,0.9818798116106011,486.79325294765863,444.1533937027211,0.0
2015-11-01,1665998.0865595785,1632579.3200000024,0.9799406933122062,10330.258873954275,11865.916732651469,150.5658689685449
2015-12-01,1363660.1366001302,1336421.843000002,0.9800255995837507,489.8981923195102,806.544471504737,0.0
