ws_ms,p_kw,n,turbine
2.5,7.559999949999999,42,R80711
3.0,8.43499995,142,R80711
3.5,19.049999,687,R80711
4.0,43.200001,1643,R80711
4.5,80.019997,2957,R80711
5.0,136.50999,3685,R80711
5.5,214.06,4373,R80711
6.0,314.20999,4449,R80711
6.5,434.08500499999997,4048,R80711
7.0,567.630005,3398,R80711
7.5,711.98999,2688,R80711
8.0,851.2100199999999,1837,R80711
8.5,987.8199800000001,1404,R80711
9.0,1122.55,1076,R80711
9.5,1257.87,725,R80711
10.0,1388.725,552,R80711
10.5,1507.28,409,R80711
11.0,1620.09005,292,R80711
11.5,1720.1550499999998,208,R80711
12.0,1806.45495,184,R80711
12.5,1872.54,109,R80711
13.0,1942.69995,72,R80711
13.5,1955.42,39,R80711
14.0,1985.61,23,R80711
2.5,6.7850000999999995,62,R80721
3.0,8.77,200,R80721
3.5,20.110001,879,R80721
4.0,44.75,2119,R80721
4.5,83.68,3505,R80721
5.0,142.89999,4525,R80721
5.5,220.24001,5083,R80721
6.0,325.79001,4659,R80721
6.5,449.43501,4002,R80721
7.0,588.01999,2884,R80721
7.5,735.2999900000001,1897,R80721
8.0,868.714995,1260,R80721
8.5,1001.835,860,R80721
9.0,1136.8400000000001,610,R80721
9.5,1261.415,470,R80721
10.0,1395.55,371,R80721
10.5,1514.02505,258,R80721
11.0,1626.4499999999998,180,R80721
11.5,1720.76,134,R80721
12.0,1799.53,94,R80721
12.5,1866.9301,59,R80721
13.0,1920.695,36,R80721
2.0,8.29,33,R80736
2.5,8.6999998,87,R80736
3.0,11.525,260,R80736
3.5,22.83,866,R80736
4.0,46.459998999999996,2059,R80736
4.5,84.314999,3434,R80736
5.0,142.05,4269,R80736
5.5,220.600005,4710,R80736
6.0,325.57999,4437,R80736
6.5,450.19,3807,R80736
7.0,588.84998,2977,R80736
7.5,732.0,1991,R80736
8.0,878.23999,1407,R80736
8.5,1020.73,1010,R80736
9.0,1162.64,741,R80736
9.5,1288.98,534,R80736
10.0,1430.35,391,R80736
10.5,1542.35,325,R80736
11.0,1667.46,283,R80736
11.5,1765.125,216,R80736
12.0,1853.2,161,R80736
12.5,1915.115,104,R80736
13.0,1952.03,75,R80736
13.5,1972.0700000000002,40,R80736
2.0,5.105,24,R80790
2.5,6.30999995,52,R80790
3.0,9.9050002,204,R80790
3.5,23.465000500000002,950,R80790
4.0,49.560001,2192,R80790
4.5,93.639999,3557,R80790
5.0,156.17,4353,R80790
5.5,242.59,4751,R80790
6.0,352.57001,4438,R80790
6.5,483.51999000000006,3703,R80790
7.0,616.91998,2763,R80790
7.5,755.72,1964,R80790
8.0,893.815,1450,R80790
8.5,1018.65,1113,R80790
9.0,1148.6449499999999,750,R80790
9.5,1276.58,552,R80790
10.0,1398.92,433,R80790
10.5,1511.6899,341,R80790
11.0,1621.2,263,R80790
11.5,1723.64995,182,R80790
12.0,1789.415,148,R80790
12.5,1871.4,101,R80790
13.0,1920.71,46,R80790
13.5,1952.6799999999998,32,R80790
14.0,1984.56,22,R80790
